game_id,season,week,gameday,away_team,home_team,away_qb,home_qb,home_win_prob,favorite,predicted_at
2026_01_NE_SEA,2026,1,2026-09-09,NE,SEA,D.Maye,S.Darnold,0.6196056349483746,SEA,2026-09-04 18:34
2026_01_SF_LA,2026,1,2026-09-10,SF,LA,B.Purdy,M.Stafford,0.6036440636905157,LA,2026-09-04 18:34
2026_01_ARI_LAC,2026,1,2026-09-13,ARI,LAC,J.Brissett,J.Herbert,0.7264576946563228,LAC,2026-09-04 18:34
2026_01_ATL_PIT,2026,1,2026-09-13,ATL,PIT,T.Tagovailoa,A.Rodgers,0.562039289848478,PIT,2026-09-04 18:34
2026_01_BAL_IND,2026,1,2026-09-13,BAL,IND,L.Jackson,D.Jones,0.41224909777645,BAL,2026-09-04 18:34
2026_01_BUF_HOU,2026,1,2026-09-13,BUF,HOU,J.Allen,C.Stroud,0.4797122225395419,BUF,2026-09-04 18:34
2026_01_CHI_CAR,2026,1,2026-09-13,CHI,CAR,C.Williams,B.Young,0.4157118301668751,CHI,2026-09-04 18:34
2026_01_CLE_JAX,2026,1,2026-09-13,CLE,JAX,D.Watson,T.Lawrence,0.8113864941472212,JAX,2026-09-04 18:34
2026_01_DAL_NYG,2026,1,2026-09-13,DAL,NYG,D.Prescott,J.Dart,0.4305644552541474,DAL,2026-09-04 18:34
2026_01_GB_MIN,2026,1,2026-09-13,GB,MIN,J.Love,K.Murray,0.5022738301782145,MIN,2026-09-04 18:34
2026_01_MIA_LV,2026,1,2026-09-13,MIA,LV,M.Willis,K.Cousins,0.48370661591346636,MIA,2026-09-04 18:34
2026_01_NO_DET,2026,1,2026-09-13,NO,DET,T.Shough,J.Goff,0.7498723562883751,DET,2026-09-04 18:34
2026_01_NYJ_TEN,2026,1,2026-09-13,NYJ,TEN,G.Smith,C.Ward,0.577823271412919,TEN,2026-09-04 18:34
2026_01_TB_CIN,2026,1,2026-09-13,TB,CIN,B.Mayfield,J.Burrow,0.6021824734185974,CIN,2026-09-04 18:34
2026_01_WAS_PHI,2026,1,2026-09-13,WAS,PHI,J.Daniels,J.Hurts,0.6870973372736502,PHI,2026-09-04 18:34
2026_01_DEN_KC,2026,1,2026-09-14,DEN,KC,B.Nix,P.Mahomes,0.4283865589603603,DEN,2026-09-04 18:34
