season,games,accuracy,log_loss,brier,auc
2012,266,0.6429,0.626,0.2182,0.6996
2013,266,0.6504,0.6207,0.2161,0.6899
2014,266,0.6617,0.605,0.2088,0.7355
2015,267,0.6479,0.6367,0.2231,0.6876
2016,265,0.6566,0.6237,0.2178,0.6836
2017,267,0.6704,0.6076,0.2096,0.7235
2018,265,0.6868,0.6101,0.2112,0.7022
2019,266,0.6391,0.6346,0.2222,0.6903
2020,268,0.6642,0.6073,0.2094,0.7611
2021,284,0.6408,0.6365,0.2239,0.7056
2022,282,0.6454,0.6224,0.217,0.702
2023,285,0.6281,0.6414,0.2254,0.6694
2024,285,0.6877,0.6033,0.2082,0.7427
2025,284,0.6127,0.6255,0.2185,0.7015
