feature,coefficient,abs_coefficient
Elo rating gap,0.32309745809252804,0.32309745809252804
Quarterback play,0.3081807623788409,0.3081807623788409
Success rate (overall),0.1406648989863494,0.1406648989863494
Injury report,0.13431192342127138,0.13431192342127138
Explosive plays (overall),0.08742893101597546,0.08742893101597546
Turnovers (overall),-0.053128695526551806,0.053128695526551806
Rest advantage,0.04560729101925663,0.04560729101925663
Neutral site,-0.038776595642486936,0.038776595642486936
Divisional matchup,-0.02892873364041362,0.02892873364041362
