passer_player_id,career_starts
00-0000865,6
00-0001545,1
00-0002110,2
00-0003292,18
00-0003315,1
00-0003739,4
00-0004161,17
00-0005106,29
00-0007091,58
00-0009311,10
00-0010346,100
00-0011022,34
00-0017200,16
00-0019041,1
00-0019559,2
00-0019596,252
00-0019599,7
00-0019709,4
00-0020245,45
00-0020305,3
00-0020531,194
00-0020608,1
00-0020679,23
00-0021206,46
00-0021231,29
00-0021429,119
00-0021678,90
00-0022055,10
00-0022101,1
00-0022121,16
00-0022164,6
00-0022177,4
00-0022787,73
00-0022803,167
00-0022864,3
00-0022924,189
00-0022942,200
00-0023436,145
00-0023459,258
00-0023460,41
00-0023502,3
00-0023541,50
00-0023578,6
00-0023645,22
00-0023662,67
00-0023682,133
00-0024218,19
00-0024225,3
00-0024226,111
00-0024264,13
00-0024279,17
00-0024296,13
00-0024300,2
00-0024408,9
00-0024812,4
00-0025388,9
00-0025409,16
00-0025423,20
00-0025427,3
00-0025430,19
00-0025479,10
00-0025561,6
00-0025604,2
00-0025708,34
00-0025749,1
00-0025970,5
00-0026143,225
00-0026158,198
00-0026196,2
00-0026197,55
00-0026296,2
00-0026300,13
00-0026349,9
00-0026498,249
00-0026544,7
00-0026625,42
00-0026898,81
00-0026993,61
00-0027071,2
00-0027131,4
00-0027134,8
00-0027253,6
00-0027347,3
00-0027659,16
00-0027688,36
00-0027754,16
00-0027775,1
00-0027796,6
00-0027854,82
00-0027876,15
00-0027939,151
00-0027946,20
00-0027948,49
00-0027950,33
00-0027973,171
00-0027974,64
00-0028012,6
00-0028090,12
00-0028118,62
00-0028146,1
00-0028595,4
00-0028825,10
00-0028957,11
00-0028986,66
00-0029151,1
00-0029234,3
00-0029263,219
00-0029531,8
00-0029567,63
00-0029604,172
00-0029623,1
00-0029665,43
00-0029668,92
00-0029677,27
00-0029682,34
00-0029701,156
00-0030024,1
00-0030419,7
00-0030520,33
00-0030524,5
00-0030526,18
00-0030533,10
00-0030565,96
00-0030661,1
00-0031064,8
00-0031076,1
00-0031237,67
00-0031266,10
00-0031280,167
00-0031288,6
00-0031345,68
00-0031395,2
00-0031407,76
00-0031409,8
00-0031503,88
00-0031568,7
00-0031589,10
00-0031800,32
00-0032156,34
00-0032245,3
00-0032268,84
00-0032434,11
00-0032436,12
00-0032784,3
00-0032792,1
00-0032893,2
00-0032950,99
00-0033077,143
00-0033104,11
00-0033106,161
00-0033108,4
00-0033119,66
00-0033275,9
00-0033319,22
00-0033357,8
00-0033537,74
00-0033550,1
00-0033662,17
00-0033869,62
00-0033873,146
00-0033899,14
00-0033936,15
00-0033949,16
00-0033958,3
00-0034177,6
00-0034343,16
00-0034401,7
00-0034412,3
00-0034577,18
00-0034771,24
00-0034796,112
00-0034855,128
00-0034857,139
00-0034869,95
00-0034899,3
00-0034955,4
00-0035040,7
00-0035100,11
00-0035146,1
00-0035228,86
00-0035232,13
00-0035251,1
00-0035264,5
00-0035282,5
00-0035289,50
00-0035577,5
00-0035652,4
00-0035704,28
00-0035710,81
00-0035752,1
00-0035864,1
00-0035939,1
00-0035993,20
00-0036197,1
00-0036212,75
00-0036264,51
00-0036312,3
00-0036355,97
00-0036384,1
00-0036389,90
00-0036442,83
00-0036879,4
00-0036898,34
00-0036929,1
00-0036945,50
00-0036971,79
00-0036972,57
00-0037012,5
00-0037013,32
00-0037077,18
00-0037175,1
00-0037324,3
00-0037327,5
00-0037834,53
00-0038102,24
00-0038108,11
00-0038122,18
00-0038128,7
00-0038400,2
00-0038416,5
00-0038476,8
00-0038579,18
00-0038582,2
00-0038583,6
00-0039150,45
00-0039152,18
00-0039163,50
00-0039164,12
00-0039376,14
00-0039398,2
00-0039732,36
00-0039851,31
00-0039910,25
00-0039917,12
00-0039918,36
00-0039923,10
00-0040206,2
00-0040234,3
00-0040398,5
00-0040494,2
00-0040668,8
00-0040676,16
00-0040691,12
00-0040704,5
00-0040743,10
